https://www.dropbox.com/s/vl440896gj282vd/val_1.json.gz?dl=1,val_1.json.gz
https://www.dropbox.com/s/is6nhkoiua55dtg/val_2.json.gz?dl=1,val_2.json.gz
https://www.dropbox.com/s/2xvuehb69i293a5/val_3.json.gz?dl=1,val_3.json.gz
https://www.dropbox.com/s/74z0qepcixs9jf9/val_4.json.gz?dl=1,val_4.json.gz
https://www.dropbox.com/s/746fc5ccpbwwfiz/val_5.json.gz?dl=1,val_5.json.gz
https://www.dropbox.com/s/co5yh3sjtd9hlbt/val_6.json.gz?dl=1,val_6.json.gz
https://www.dropbox.com/s/mbp2hjbgupovsu1/val_7.json.gz?dl=1,val_7.json.gz
https://www.dropbox.com/s/6whjeixim5c03um/val_8.json.gz?dl=1,val_8.json.gz
https://www.dropbox.com/s/cg2ja7eggqtt289/val_9.json.gz?dl=1,val_9.json.gz
https://www.dropbox.com/s/hn3gvjgvo1el8ki/preds.val_0.jsonl.gz?dl=1,preds.val_0.jsonl.gz
https://www.dropbox.com/s/glgi1ya1hrkd82u/preds.val_1.jsonl.gz?dl=1,preds.val_1.jsonl.gz
https://www.dropbox.com/s/5yzoo1kckpjy02o/preds.val_2.jsonl.gz?dl=1,preds.val_2.jsonl.gz
https://www.dropbox.com/s/5d4y40mokr4uor7/preds.val_3.jsonl.gz?dl=1,preds.val_3.jsonl.gz
https://www.dropbox.com/s/1ngpmwpxrazxmqj/preds.val_4.jsonl.gz?dl=1,preds.val_4.jsonl.gz
https://www.dropbox.com/s/hpag9mcd658aoa0/preds.val_5.jsonl.gz?dl=1,preds.val_5.jsonl.gz
https://www.dropbox.com/s/65s2be0uxq94f69/preds.val_6.jsonl.gz?dl=1,preds.val_6.jsonl.gz
https://www.dropbox.com/s/ytiwql5v47sh1yc/preds.val_7.jsonl.gz?dl=1,preds.val_7.jsonl.gz
https://www.dropbox.com/s/8bj5giwd68hhn4i/preds.val_8.jsonl.gz?dl=1,preds.val_8.jsonl.gz
https://www.dropbox.com/s/043cyq97ps38ddd/preds.val_9.jsonl.gz?dl=1,preds.val_9.jsonl.gz
https://www.dropbox.com/s/gnv5mgaaxbq5zgu/train.json.gz?dl=1,train.json.gz
https://www.dropbox.com/s/275yp649ht1xea9/val.json.gz?dl=1,val.json.gz
https://www.dropbox.com/s/jzkjj6pptsexryv/val_with_label.json.gz?dl=1,val_with_label.json.gz
https://www.dropbox.com/s/twhh8eu7b31nt82/val_0_with_label.json.gz?dl=1,val_0_with_label.json.gz
https://www.dropbox.com/s/l7zbxcwew6atelw/preds.train.jsonl.gz?dl=1,preds.train.jsonl.gz
https://www.dropbox.com/s/pyjevnk0as7y4ue/preds.val.jsonl.gz?dl=1,preds.val.jsonl.gz
