https://www.dropbox.com/s/sgmeao1r269cwgv/preds.train.jsonl.gz?dl=1,preds.train.jsonl.gz
https://www.dropbox.com/s/frsiql7n4t99q1v/preds.val_0.jsonl.gz?dl=1,preds.val_0.jsonl.gz
https://www.dropbox.com/s/c28ilwa3f9okb0u/preds.val_1.jsonl.gz?dl=1,preds.val_1.jsonl.gz
https://www.dropbox.com/s/r66ou5isunzedoi/preds.val_2.jsonl.gz?dl=1,preds.val_2.jsonl.gz
https://www.dropbox.com/s/gmihnrvo8mowg6k/preds.val_3.jsonl.gz?dl=1,preds.val_3.jsonl.gz
https://www.dropbox.com/s/aczwlob86a5v4i2/preds.val_4.jsonl.gz?dl=1,preds.val_4.jsonl.gz
https://www.dropbox.com/s/lgcn2pp87365szo/preds.val_5.jsonl.gz?dl=1,preds.val_5.jsonl.gz
https://www.dropbox.com/s/i9zt5uglp0bptye/preds.val_6.jsonl.gz?dl=1,preds.val_6.jsonl.gz
https://www.dropbox.com/s/fwxwxjvqf4j4oks/preds.val_7.jsonl.gz?dl=1,preds.val_7.jsonl.gz
https://www.dropbox.com/s/nhd60h7cbe1g2hp/preds.val_8.jsonl.gz?dl=1,preds.val_8.jsonl.gz
https://www.dropbox.com/s/ruwe6xjltpiy19h/preds.val_9.jsonl.gz?dl=1,preds.val_9.jsonl.gz
https://www.dropbox.com/s/na9fyg4jegu7yu4/preds.val.jsonl.gz?dl=1,preds.val.jsonl.gz
https://www.dropbox.com/s/tmxh5nlr19c401m/train.json.gz?dl=1,train.json.gz
https://www.dropbox.com/s/rkec1vnm8sinjyt/val_0_with_label.json.gz?dl=1,val_0_with_label.json.gz
https://www.dropbox.com/s/0bbt0eh6ygw30k7/val_1.json.gz?dl=1,val_1.json.gz
https://www.dropbox.com/s/9t9djhv9ikshiez/val_2.json.gz?dl=1,val_2.json.gz
https://www.dropbox.com/s/t90zeksagb4dhz9/val_3.json.gz?dl=1,val_3.json.gz
https://www.dropbox.com/s/6yo9vckhp9bpo0b/val_4.json.gz?dl=1,val_4.json.gz
https://www.dropbox.com/s/l26cki6iv9set4m/val_5.json.gz?dl=1,val_5.json.gz
https://www.dropbox.com/s/nx4tn19z9hlrd4b/val_6.json.gz?dl=1,val_6.json.gz
https://www.dropbox.com/s/thyyobvhm2gkmx5/val_7.json.gz?dl=1,val_7.json.gz
https://www.dropbox.com/s/1lpbuewqbrg66my/val_8.json.gz?dl=1,val_8.json.gz
https://www.dropbox.com/s/mgrm10bapjof8kb/val_9.json.gz?dl=1,val_9.json.gz
https://www.dropbox.com/s/2ar9g8u50u3ycf9/val_with_label.json.gz?dl=1,val_with_label.json.gz
https://www.dropbox.com/s/fx8hhz3lks8e3qw/val.json.gz?dl=1,val.json.gz
